campaign,week,price_white,price_red,source_url,scraped_at
2022/2023,1,39.33,42.11,https://www.mapa.gob.es/dam/mapa/contenido/agricultura/temas/producciones-agricolas/vitivinicultura/boletines-semanales-precio-del-vino/campana-2022---2023/012023boletinpreciosdelvinodel2al8deenero.pdf,2025-12-10T09:44:21.514469
2022/2023,2,39.5,43.0,https://www.mapa.gob.es/dam/mapa/contenido/agricultura/temas/producciones-agricolas/vitivinicultura/boletines-semanales-precio-del-vino/campana-2022---2023/022023boletinpreciosdelvinodel9al15deenero.pdf,2025-12-10T09:44:20.017081
2022/2023,3,38.31,41.64,https://www.mapa.gob.es/dam/mapa/contenido/agricultura/temas/producciones-agricolas/vitivinicultura/boletines-semanales-precio-del-vino/campana-2022---2023/032023boletinpreciosdelvinodel16al22deenero.pdf,2025-12-10T09:44:18.465108
2022/2023,4,38.16,41.15,https://www.mapa.gob.es/dam/mapa/contenido/agricultura/temas/producciones-agricolas/vitivinicultura/boletines-semanales-precio-del-vino/campana-2022---2023/042023boletinpreciosdelvinodel23al29deenero.pdf,2025-12-10T09:44:16.906113
2022/2023,5,38.22,39.85,https://www.mapa.gob.es/dam/mapa/contenido/agricultura/temas/producciones-agricolas/vitivinicultura/boletines-semanales-precio-del-vino/campana-2022---2023/052023boletinpreciosdelvinodel30deeneroal5defebrero.pdf,2025-12-10T09:44:15.439324
2022/2023,6,38.42,38.83,https://www.mapa.gob.es/dam/mapa/contenido/agricultura/temas/producciones-agricolas/vitivinicultura/boletines-semanales-precio-del-vino/campana-2022---2023/062023boletinpreciosdelvinodel6al12defebrero.pdf,2025-12-10T09:44:13.980221
2022/2023,7,37.86,40.48,https://www.mapa.gob.es/dam/mapa/contenido/agricultura/temas/producciones-agricolas/vitivinicultura/boletines-semanales-precio-del-vino/campana-2022---2023/072023boletinpreciosdelvinodel13al19defebrero.pdf,2025-12-10T09:44:12.525951
2022/2023,8,37.76,40.52,https://www.mapa.gob.es/dam/mapa/contenido/agricultura/temas/producciones-agricolas/vitivinicultura/boletines-semanales-precio-del-vino/campana-2022---2023/082023boletinpreciosdelvinodel20al26defebrero.pdf,2025-12-10T09:44:11.069488
2022/2023,9,37.03,40.28,https://www.mapa.gob.es/dam/mapa/contenido/agricultura/temas/producciones-agricolas/vitivinicultura/boletines-semanales-precio-del-vino/campana-2022---2023/092023boletinpreciosdelvinodel27defebreroal5demarzo.pdf,2025-12-10T09:44:09.645397
2022/2023,10,37.67,39.97,https://www.mapa.gob.es/dam/mapa/contenido/agricultura/temas/producciones-agricolas/vitivinicultura/boletines-semanales-precio-del-vino/campana-2022---2023/102023boletinpreciosdelvinodel6al12demarzo.pdf,2025-12-10T09:44:08.161834
2022/2023,11,38.71,39.44,https://www.mapa.gob.es/dam/mapa/contenido/agricultura/temas/producciones-agricolas/vitivinicultura/boletines-semanales-precio-del-vino/campana-2022---2023/112023boletinpreciosdelvinodel13al19demarzo.pdf,2025-12-10T09:44:06.722989
2022/2023,12,37.88,38.73,https://www.mapa.gob.es/dam/mapa/contenido/agricultura/temas/producciones-agricolas/vitivinicultura/boletines-semanales-precio-del-vino/campana-2022---2023/122023boletinpreciosdelvinodel20al26demarzo.pdf,2025-12-10T09:44:05.224371
2022/2023,13,37.99,38.28,https://www.mapa.gob.es/dam/mapa/contenido/agricultura/temas/producciones-agricolas/vitivinicultura/boletines-semanales-precio-del-vino/campana-2022---2023/132023boletinpreciosdelvinodel27demarzoal2deabril.pdf,2025-12-10T09:44:03.769375
2022/2023,14,36.67,38.2,https://www.mapa.gob.es/dam/mapa/contenido/agricultura/temas/producciones-agricolas/vitivinicultura/boletines-semanales-precio-del-vino/campana-2022---2023/142023boletinpreciosdelvinodel3al9deabril.pdf,2025-12-10T09:44:02.297504
2022/2023,15,35.88,37.42,https://www.mapa.gob.es/dam/mapa/contenido/agricultura/temas/producciones-agricolas/vitivinicultura/boletines-semanales-precio-del-vino/campana-2022---2023/152023boletinpreciosdelvinodel10al16deabril.pdf,2025-12-10T09:44:00.853083
2022/2023,16,36.38,37.33,https://www.mapa.gob.es/dam/mapa/contenido/agricultura/temas/producciones-agricolas/vitivinicultura/boletines-semanales-precio-del-vino/campana-2022---2023/162023boletinpreciosdelvinodel17al23deabril.pdf,2025-12-10T09:43:59.441384
2022/2023,17,36.15,37.96,https://www.mapa.gob.es/dam/mapa/contenido/agricultura/temas/producciones-agricolas/vitivinicultura/boletines-semanales-precio-del-vino/campana-2022---2023/172023boletinpreciosdelvinodel24al30deabril.pdf,2025-12-10T09:43:57.985097
2022/2023,18,35.34,37.68,https://www.mapa.gob.es/dam/mapa/contenido/agricultura/temas/producciones-agricolas/vitivinicultura/boletines-semanales-precio-del-vino/campana-2022---2023/182023boletinpreciosdelvinodel1al7demayo.pdf,2025-12-10T09:43:56.540276
2022/2023,19,34.97,37.99,https://www.mapa.gob.es/dam/mapa/contenido/agricultura/temas/producciones-agricolas/vitivinicultura/boletines-semanales-precio-del-vino/campana-2022---2023/192023boletinpreciosdelvinodel8al14demayo.pdf,2025-12-10T09:43:55.054798
2022/2023,20,35.99,38.41,https://www.mapa.gob.es/dam/mapa/contenido/agricultura/temas/producciones-agricolas/vitivinicultura/boletines-semanales-precio-del-vino/campana-2022---2023/202023boletinpreciosdelvinodel15al21demayo.pdf,2025-12-10T09:43:53.445418
2022/2023,21,36.67,38.85,https://www.mapa.gob.es/dam/mapa/contenido/agricultura/temas/producciones-agricolas/vitivinicultura/boletines-semanales-precio-del-vino/campana-2022---2023/212023boletinpreciosdelvinodel22al28demayo.pdf,2025-12-10T09:43:51.970966
2022/2023,22,37.87,38.47,https://www.mapa.gob.es/dam/mapa/contenido/agricultura/temas/producciones-agricolas/vitivinicultura/boletines-semanales-precio-del-vino/campana-2022---2023/222023boletinpreciosdelvinodel29demayoal4dejunio.pdf,2025-12-10T09:43:50.578377
2022/2023,23,38.24,38.77,https://www.mapa.gob.es/dam/mapa/contenido/agricultura/temas/producciones-agricolas/vitivinicultura/boletines-semanales-precio-del-vino/campana-2022---2023/232023boletinpreciosdelvinodel5al11dejunio.pdf,2025-12-10T09:43:49.164537
2022/2023,24,37.76,38.68,https://www.mapa.gob.es/dam/mapa/contenido/agricultura/temas/producciones-agricolas/vitivinicultura/boletines-semanales-precio-del-vino/campana-2022---2023/242023boletinpreciosdelvinodel12al18dejunio.pdf,2025-12-10T09:43:47.730267
2022/2023,25,37.05,37.67,https://www.mapa.gob.es/dam/mapa/contenido/agricultura/temas/producciones-agricolas/vitivinicultura/boletines-semanales-precio-del-vino/campana-2022---2023/252023boletinpreciosdelvinodel19al25dejunio.pdf,2025-12-10T09:43:46.323405
2022/2023,26,37.05,37.19,https://www.mapa.gob.es/dam/mapa/contenido/agricultura/temas/producciones-agricolas/vitivinicultura/boletines-semanales-precio-del-vino/campana-2022---2023/262023boletinpreciosdelvinodel26dejunioal2dejulio.pdf,2025-12-10T09:43:44.896374
2022/2023,27,36.52,37.7,https://www.mapa.gob.es/dam/mapa/contenido/agricultura/temas/producciones-agricolas/vitivinicultura/boletines-semanales-precio-del-vino/campana-2022---2023/272023boletinpreciosdelvinodel3al9dejulio.pdf,2025-12-10T09:43:43.491132
2022/2023,28,36.34,37.49,https://www.mapa.gob.es/dam/mapa/contenido/agricultura/temas/producciones-agricolas/vitivinicultura/boletines-semanales-precio-del-vino/campana-2022---2023/282023boletinpreciosdelvinodel10al16dejulio.pdf,2025-12-10T09:43:42.048808
2022/2023,29,36.68,37.04,https://www.mapa.gob.es/dam/mapa/contenido/agricultura/temas/producciones-agricolas/vitivinicultura/boletines-semanales-precio-del-vino/campana-2022---2023/292023boletinpreciosdelvinodel17al23dejulio.pdf,2025-12-10T09:43:40.621475
2022/2023,30,37.08,37.25,https://www.mapa.gob.es/dam/mapa/contenido/agricultura/temas/producciones-agricolas/vitivinicultura/boletines-semanales-precio-del-vino/campana-2022---2023/302023boletinpreciosdelvinodel24al30dejulio.pdf,2025-12-10T09:43:39.132710
2022/2023,31,,,https://www.mapa.gob.es/dam/mapa/contenido/agricultura/temas/producciones-agricolas/vitivinicultura/boletines-semanales-precio-del-vino/campana-2022---2023/312022boletinpreciosdelvinodel1al7deagosto.pdf,2025-12-10T09:44:54.977560
2022/2023,32,39.23,43.75,https://www.mapa.gob.es/dam/mapa/contenido/agricultura/temas/producciones-agricolas/vitivinicultura/boletines-semanales-precio-del-vino/campana-2022---2023/322022boletinpreciosdelvinodel8al14deagosto.pdf,2025-12-10T09:44:53.561544
2022/2023,33,37.92,43.49,https://www.mapa.gob.es/dam/mapa/contenido/agricultura/temas/producciones-agricolas/vitivinicultura/boletines-semanales-precio-del-vino/campana-2022---2023/332022boletinpreciosdelvinodel15al21deagosto.pdf,2025-12-10T09:44:52.082208
2022/2023,34,36.86,43.59,https://www.mapa.gob.es/dam/mapa/contenido/agricultura/temas/producciones-agricolas/vitivinicultura/boletines-semanales-precio-del-vino/campana-2022---2023/342022boletinpreciosdelvinodel22al28deagosto.pdf,2025-12-10T09:44:50.630187
2022/2023,35,37.46,43.41,https://www.mapa.gob.es/dam/mapa/contenido/agricultura/temas/producciones-agricolas/vitivinicultura/boletines-semanales-precio-del-vino/campana-2022---2023/352022boletinpreciosdelvinodel29deagostoal4deseptiembre.pdf,2025-12-10T09:44:49.161244
2022/2023,36,38.69,43.36,https://www.mapa.gob.es/dam/mapa/contenido/agricultura/temas/producciones-agricolas/vitivinicultura/boletines-semanales-precio-del-vino/campana-2022---2023/362022boletinpreciosdelvinodel5al11deseptiembre.pdf,2025-12-10T09:44:47.740170
2022/2023,37,38.46,43.33,https://www.mapa.gob.es/dam/mapa/contenido/agricultura/temas/producciones-agricolas/vitivinicultura/boletines-semanales-precio-del-vino/campana-2022---2023/372022boletinpreciosdelvinodel12al18deseptiembre.pdf,2025-12-10T09:44:46.268458
2022/2023,38,38.36,42.7,https://www.mapa.gob.es/dam/mapa/contenido/agricultura/temas/producciones-agricolas/vitivinicultura/boletines-semanales-precio-del-vino/campana-2022---2023/382022boletinpreciosdelvinodel19al25deseptiembre.pdf,2025-12-10T09:44:44.792819
2022/2023,39,38.07,42.56,https://www.mapa.gob.es/dam/mapa/contenido/agricultura/temas/producciones-agricolas/vitivinicultura/boletines-semanales-precio-del-vino/campana-2022---2023/392022boletinpreciosdelvinodel26deseptiembreal2deoctubre.pdf,2025-12-10T09:44:43.314939
2022/2023,40,38.06,42.38,https://www.mapa.gob.es/dam/mapa/contenido/agricultura/temas/producciones-agricolas/vitivinicultura/boletines-semanales-precio-del-vino/campana-2022---2023/402022boletinpreciosdelvinodel3al9deoctubre.pdf,2025-12-10T09:44:41.850882
2022/2023,41,38.0,42.82,https://www.mapa.gob.es/dam/mapa/contenido/agricultura/temas/producciones-agricolas/vitivinicultura/boletines-semanales-precio-del-vino/campana-2022---2023/412022boletinpreciosdelvinodel10al16deoctubre.pdf,2025-12-10T09:44:40.395952
2022/2023,42,37.49,42.3,https://www.mapa.gob.es/dam/mapa/contenido/agricultura/temas/producciones-agricolas/vitivinicultura/boletines-semanales-precio-del-vino/campana-2022---2023/422022boletinpreciosdelvinodel17al23deoctubre.pdf,2025-12-10T09:44:38.942980
2022/2023,43,38.64,43.19,https://www.mapa.gob.es/dam/mapa/contenido/agricultura/temas/producciones-agricolas/vitivinicultura/boletines-semanales-precio-del-vino/campana-2022---2023/432022boletinpreciosdelvinodel24al30deoctubre.pdf,2025-12-10T09:44:37.368334
2022/2023,44,38.66,43.25,https://www.mapa.gob.es/dam/mapa/contenido/agricultura/temas/producciones-agricolas/vitivinicultura/boletines-semanales-precio-del-vino/campana-2022---2023/442022boletinpreciosdelvinodel31deoctubreal6denoviembre.pdf,2025-12-10T09:44:35.859510
2022/2023,45,37.56,43.66,https://www.mapa.gob.es/dam/mapa/contenido/agricultura/temas/producciones-agricolas/vitivinicultura/boletines-semanales-precio-del-vino/campana-2022---2023/452022boletinpreciosdelvinodel7al13denoviembre.pdf,2025-12-10T09:44:34.338908
2022/2023,46,38.26,42.97,https://www.mapa.gob.es/dam/mapa/contenido/agricultura/temas/producciones-agricolas/vitivinicultura/boletines-semanales-precio-del-vino/campana-2022---2023/462022boletinpreciosdelvinodel14al20denoviembre.pdf,2025-12-10T09:44:32.795370
2022/2023,47,39.16,42.74,https://www.mapa.gob.es/dam/mapa/contenido/agricultura/temas/producciones-agricolas/vitivinicultura/boletines-semanales-precio-del-vino/campana-2022---2023/472022boletinpreciosdelvinodel21al27denoviembre.pdf,2025-12-10T09:44:31.279678
2022/2023,48,38.23,41.64,https://www.mapa.gob.es/dam/mapa/contenido/agricultura/temas/producciones-agricolas/vitivinicultura/boletines-semanales-precio-del-vino/campana-2022---2023/482022boletinpreciosdelvinodel28denoviembreal4dediciembre.pdf,2025-12-10T09:44:29.802376
2022/2023,49,38.48,41.17,https://www.mapa.gob.es/dam/mapa/contenido/agricultura/temas/producciones-agricolas/vitivinicultura/boletines-semanales-precio-del-vino/campana-2022---2023/492022boletinpreciosdelvinodel5al11dediciembre.pdf,2025-12-10T09:44:28.278563
2022/2023,50,38.68,41.83,https://www.mapa.gob.es/dam/mapa/contenido/agricultura/temas/producciones-agricolas/vitivinicultura/boletines-semanales-precio-del-vino/campana-2022---2023/502022boletinpreciosdelvinodel12al18dediciembre.pdf,2025-12-10T09:44:26.718972
2022/2023,51,38.47,41.75,https://www.mapa.gob.es/dam/mapa/contenido/agricultura/temas/producciones-agricolas/vitivinicultura/boletines-semanales-precio-del-vino/campana-2022---2023/512022boletinpreciosdelvinodel19al25dediciembre.pdf,2025-12-10T09:44:25.198797
2022/2023,52,38.08,42.48,https://www.mapa.gob.es/dam/mapa/contenido/agricultura/temas/producciones-agricolas/vitivinicultura/boletines-semanales-precio-del-vino/campana-2022---2023/522022boletinpreciosdelvinodel26dediciembrede2022al1deenerode2023.pdf,2025-12-10T09:44:23.528715
2023/2024,1,48.96,43.05,https://www.mapa.gob.es/dam/mapa/contenido/agricultura/temas/producciones-agricolas/vitivinicultura/boletines-semanales-precio-del-vino/campana-2023-2024/012024boletinpreciosdelvinodel1al7deenero.pdf,2025-12-10T09:45:40.062338
2023/2024,2,48.5,43.19,https://www.mapa.gob.es/dam/mapa/contenido/agricultura/temas/producciones-agricolas/vitivinicultura/boletines-semanales-precio-del-vino/campana-2023-2024/022024boletinpreciosdelvinodel8al14deenero.pdf,2025-12-10T09:45:38.564001
2023/2024,3,48.73,43.4,https://www.mapa.gob.es/dam/mapa/contenido/agricultura/temas/producciones-agricolas/vitivinicultura/boletines-semanales-precio-del-vino/campana-2023-2024/032024boletinpreciosdelvinodel15al21deenero.pdf,2025-12-10T09:45:37.081717
2023/2024,4,48.45,43.39,https://www.mapa.gob.es/dam/mapa/contenido/agricultura/temas/producciones-agricolas/vitivinicultura/boletines-semanales-precio-del-vino/campana-2023-2024/042024boletinpreciosdelvinodel22al28deenero.pdf,2025-12-10T09:45:35.609451
2023/2024,5,48.34,43.41,https://www.mapa.gob.es/dam/mapa/contenido/agricultura/temas/producciones-agricolas/vitivinicultura/boletines-semanales-precio-del-vino/campana-2023-2024/052024boletinpreciosdelvinodel29deeneroal4defebrero.pdf,2025-12-10T09:45:34.158526
2023/2024,6,47.62,43.82,https://www.mapa.gob.es/dam/mapa/contenido/agricultura/temas/producciones-agricolas/vitivinicultura/boletines-semanales-precio-del-vino/campana-2023-2024/062024boletinpreciosdelvinodel5al11defebrero.pdf,2025-12-10T09:45:32.721312
2023/2024,7,48.26,43.83,https://www.mapa.gob.es/dam/mapa/contenido/agricultura/temas/producciones-agricolas/vitivinicultura/boletines-semanales-precio-del-vino/campana-2023-2024/072024boletinpreciosdelvinodel12al18defebrero.pdf,2025-12-10T09:45:31.224429
2023/2024,8,49.1,44.01,https://www.mapa.gob.es/dam/mapa/contenido/agricultura/temas/producciones-agricolas/vitivinicultura/boletines-semanales-precio-del-vino/campana-2023-2024/082024boletinpreciosdelvinodel19al25defebrero.pdf,2025-12-10T09:45:29.777540
2023/2024,9,48.97,44.2,https://www.mapa.gob.es/dam/mapa/contenido/agricultura/temas/producciones-agricolas/vitivinicultura/boletines-semanales-precio-del-vino/campana-2023-2024/092024boletinpreciosdelvinodel26defebreroal3demarzo.pdf,2025-12-10T09:45:28.239921
2023/2024,10,50.46,44.48,https://www.mapa.gob.es/dam/mapa/contenido/agricultura/temas/producciones-agricolas/vitivinicultura/boletines-semanales-precio-del-vino/campana-2023-2024/102024boletinpreciosdelvinodel4al10demarzo.pdf,2025-12-10T09:45:26.773924
2023/2024,11,50.7,45.06,https://www.mapa.gob.es/dam/mapa/contenido/agricultura/temas/producciones-agricolas/vitivinicultura/boletines-semanales-precio-del-vino/campana-2023-2024/112024boletinpreciosdelvinodel11al17demarzo.pdf,2025-12-10T09:45:25.277215
2023/2024,12,51.13,44.53,https://www.mapa.gob.es/dam/mapa/contenido/agricultura/temas/producciones-agricolas/vitivinicultura/boletines-semanales-precio-del-vino/campana-2023-2024/122024boletinpreciosdelvinodel18al24demarzo.pdf,2025-12-10T09:45:23.816798
2023/2024,13,50.55,44.43,https://www.mapa.gob.es/dam/mapa/contenido/agricultura/temas/producciones-agricolas/vitivinicultura/boletines-semanales-precio-del-vino/campana-2023-2024/132024boletinpreciosdelvinodel25al31demarzo.pdf,2025-12-10T09:45:22.344509
2023/2024,14,51.21,43.33,https://www.mapa.gob.es/dam/mapa/contenido/agricultura/temas/producciones-agricolas/vitivinicultura/boletines-semanales-precio-del-vino/campana-2023-2024/142024boletinpreciosdelvinodel1al7deabril.pdf,2025-12-10T09:45:20.795969
2023/2024,15,51.75,43.2,https://www.mapa.gob.es/dam/mapa/contenido/agricultura/temas/producciones-agricolas/vitivinicultura/boletines-semanales-precio-del-vino/campana-2023-2024/152024boletinpreciosdelvinodel8al14deabril.pdf,2025-12-10T09:45:19.342182
2023/2024,16,50.68,43.47,https://www.mapa.gob.es/dam/mapa/contenido/agricultura/temas/producciones-agricolas/vitivinicultura/boletines-semanales-precio-del-vino/campana-2023-2024/162024boletinpreciosdelvinodel15al21deabril.pdf,2025-12-10T09:45:17.865988
2023/2024,17,50.69,43.23,https://www.mapa.gob.es/dam/mapa/contenido/agricultura/temas/producciones-agricolas/vitivinicultura/boletines-semanales-precio-del-vino/campana-2023-2024/172024boletinpreciosdelvinodel22al28deabril.pdf,2025-12-10T09:45:16.422867
2023/2024,18,50.1,43.04,https://www.mapa.gob.es/dam/mapa/contenido/agricultura/temas/producciones-agricolas/vitivinicultura/boletines-semanales-precio-del-vino/campana-2023-2024/182024boletinpreciosdelvinodel29deabrilal5demayo.pdf,2025-12-10T09:45:14.970264
2023/2024,19,48.98,43.02,https://www.mapa.gob.es/dam/mapa/contenido/agricultura/temas/producciones-agricolas/vitivinicultura/boletines-semanales-precio-del-vino/campana-2023-2024/192024boletinpreciosdelvinodel6al12demayo.pdf,2025-12-10T09:45:13.496636
2023/2024,20,53.17,43.53,https://www.mapa.gob.es/dam/mapa/contenido/agricultura/temas/producciones-agricolas/vitivinicultura/boletines-semanales-precio-del-vino/campana-2023-2024/202024boletinpreciosdelvinodel13al19demayo.pdf,2025-12-10T09:45:12.045612
2023/2024,21,48.8,41.71,https://www.mapa.gob.es/dam/mapa/contenido/agricultura/temas/producciones-agricolas/vitivinicultura/boletines-semanales-precio-del-vino/campana-2023-2024/212024boletinpreciosdelvinodel20al26demayo.pdf,2025-12-10T09:45:10.563515
2023/2024,22,48.91,42.16,https://www.mapa.gob.es/dam/mapa/contenido/agricultura/temas/producciones-agricolas/vitivinicultura/boletines-semanales-precio-del-vino/campana-2023-2024/222024boletinpreciosdelvinodel27demayoal2dejunio.pdf,2025-12-10T09:45:09.112183
2023/2024,23,50.16,43.92,https://www.mapa.gob.es/dam/mapa/contenido/agricultura/temas/producciones-agricolas/vitivinicultura/boletines-semanales-precio-del-vino/campana-2023-2024/232024boletinpreciosdelvinodel3al9dejunio.pdf,2025-12-10T09:45:07.608054
2023/2024,24,49.06,44.07,https://www.mapa.gob.es/dam/mapa/contenido/agricultura/temas/producciones-agricolas/vitivinicultura/boletines-semanales-precio-del-vino/campana-2023-2024/242024boletinpreciosdelvinodel10al16dejunio.pdf,2025-12-10T09:45:06.171198
2023/2024,25,50.0,43.2,https://www.mapa.gob.es/dam/mapa/contenido/agricultura/temas/producciones-agricolas/vitivinicultura/boletines-semanales-precio-del-vino/campana-2023-2024/252024boletinpreciosdelvinodel17al23dejunio.pdf,2025-12-10T09:45:04.675777
2023/2024,26,47.51,45.66,https://www.mapa.gob.es/dam/mapa/contenido/agricultura/temas/producciones-agricolas/vitivinicultura/boletines-semanales-precio-del-vino/campana-2023-2024/262024boletinpreciosdelvinodel24al30dejunio.pdf,2025-12-10T09:45:03.165393
2023/2024,27,46.09,47.12,https://www.mapa.gob.es/dam/mapa/contenido/agricultura/temas/producciones-agricolas/vitivinicultura/boletines-semanales-precio-del-vino/campana-2023-2024/272024boletinpreciosdelvinodel1al7dejulio.pdf,2025-12-10T09:45:01.659373
2023/2024,28,44.29,43.67,https://www.mapa.gob.es/dam/mapa/contenido/agricultura/temas/producciones-agricolas/vitivinicultura/boletines-semanales-precio-del-vino/campana-2023-2024/282024boletinpreciosdelvinodel8al14dejulio.pdf,2025-12-10T09:45:00.141767
2023/2024,29,45.77,44.84,https://www.mapa.gob.es/dam/mapa/contenido/agricultura/temas/producciones-agricolas/vitivinicultura/boletines-semanales-precio-del-vino/campana-2023-2024/292024boletinpreciosdelvinodel15al21dejulio.pdf,2025-12-10T09:44:58.681296
2023/2024,30,45.7,43.13,https://www.mapa.gob.es/dam/mapa/contenido/agricultura/temas/producciones-agricolas/vitivinicultura/boletines-semanales-precio-del-vino/campana-2023-2024/302024boletinpreciosdelvinodel22al28dejulio.pdf,2025-12-10T09:44:57.214878
2023/2024,31,37.54,37.08,https://www.mapa.gob.es/dam/mapa/contenido/agricultura/temas/producciones-agricolas/vitivinicultura/boletines-semanales-precio-del-vino/campana-2023-2024/312023boletinpreciosdelvinodel31dejulioal6deagosto.pdf,2025-12-10T09:46:11.297050
2023/2024,32,37.28,36.66,https://www.mapa.gob.es/dam/mapa/contenido/agricultura/temas/producciones-agricolas/vitivinicultura/boletines-semanales-precio-del-vino/campana-2023-2024/322023boletinpreciosdelvinodel7al13deagosto.pdf,2025-12-10T09:46:09.933521
2023/2024,33,38.38,36.65,https://www.mapa.gob.es/dam/mapa/contenido/agricultura/temas/producciones-agricolas/vitivinicultura/boletines-semanales-precio-del-vino/campana-2023-2024/332023boletinpreciosdelvinodel14al20deagosto.pdf,2025-12-10T09:46:08.598471
2023/2024,34,38.16,36.72,https://www.mapa.gob.es/dam/mapa/contenido/agricultura/temas/producciones-agricolas/vitivinicultura/boletines-semanales-precio-del-vino/campana-2023-2024/342023boletinpreciosdelvinodel21al27deagosto.pdf,2025-12-10T09:46:07.266593
2023/2024,35,38.41,36.96,https://www.mapa.gob.es/dam/mapa/contenido/agricultura/temas/producciones-agricolas/vitivinicultura/boletines-semanales-precio-del-vino/campana-2023-2024/352023boletinpreciosdelvinodel28deagostoal3deseptiembre.pdf,2025-12-10T09:46:05.927643
2023/2024,36,37.74,37.31,https://www.mapa.gob.es/dam/mapa/contenido/agricultura/temas/producciones-agricolas/vitivinicultura/boletines-semanales-precio-del-vino/campana-2023-2024/362023boletinpreciosdelvinodel4al10deseptiembre.pdf,2025-12-10T09:46:04.598578
2023/2024,37,38.62,37.53,https://www.mapa.gob.es/dam/mapa/contenido/agricultura/temas/producciones-agricolas/vitivinicultura/boletines-semanales-precio-del-vino/campana-2023-2024/372023boletinpreciosdelvinodel11al17deseptiembre.pdf,2025-12-10T09:46:03.220707
2023/2024,38,39.86,38.62,https://www.mapa.gob.es/dam/mapa/contenido/agricultura/temas/producciones-agricolas/vitivinicultura/boletines-semanales-precio-del-vino/campana-2023-2024/382023boletinpreciosdelvinodel18al24deseptiembre.pdf,2025-12-10T09:46:01.875437
2023/2024,39,40.32,38.83,https://www.mapa.gob.es/dam/mapa/contenido/agricultura/temas/producciones-agricolas/vitivinicultura/boletines-semanales-precio-del-vino/campana-2023-2024/392023boletinpreciosdelvinodel25deseptiembreal1deoctubre.pdf,2025-12-10T09:46:00.544917
2023/2024,40,38.28,38.94,https://www.mapa.gob.es/dam/mapa/contenido/agricultura/temas/producciones-agricolas/vitivinicultura/boletines-semanales-precio-del-vino/campana-2023-2024/402023boletinpreciosdelvinodel2al8deoctubre.pdf,2025-12-10T09:45:59.180152
2023/2024,41,38.76,40.27,https://www.mapa.gob.es/dam/mapa/contenido/agricultura/temas/producciones-agricolas/vitivinicultura/boletines-semanales-precio-del-vino/campana-2023-2024/412023boletinpreciosdelvinodel9al15deoctubre.pdf,2025-12-10T09:45:57.812534
2023/2024,42,43.1,40.74,https://www.mapa.gob.es/dam/mapa/contenido/agricultura/temas/producciones-agricolas/vitivinicultura/boletines-semanales-precio-del-vino/campana-2023-2024/422023boletinpreciosdelvinodel16al22deoctubre.pdf,2025-12-10T09:45:56.465329
2023/2024,43,43.45,39.68,https://www.mapa.gob.es/dam/mapa/contenido/agricultura/temas/producciones-agricolas/vitivinicultura/boletines-semanales-precio-del-vino/campana-2023-2024/432023boletinpreciosdelvinodel23al29deoctubre.pdf,2025-12-10T09:45:55.124503
2023/2024,44,42.84,39.73,https://www.mapa.gob.es/dam/mapa/contenido/agricultura/temas/producciones-agricolas/vitivinicultura/boletines-semanales-precio-del-vino/campana-2023-2024/442023boletinpreciosdelvinodel30deoctubreal5denoviembre.pdf,2025-12-10T09:45:53.534682
2023/2024,45,44.5,39.42,https://www.mapa.gob.es/dam/mapa/contenido/agricultura/temas/producciones-agricolas/vitivinicultura/boletines-semanales-precio-del-vino/campana-2023-2024/452023boletinpreciosdelvinodel6al12denoviembre.pdf,2025-12-10T09:45:51.954208
2023/2024,46,45.37,39.38,https://www.mapa.gob.es/dam/mapa/contenido/agricultura/temas/producciones-agricolas/vitivinicultura/boletines-semanales-precio-del-vino/campana-2023-2024/462023boletinpreciosdelvinodel13al19denoviembre.pdf,2025-12-10T09:45:50.569862
2023/2024,47,44.37,40.34,https://www.mapa.gob.es/dam/mapa/contenido/agricultura/temas/producciones-agricolas/vitivinicultura/boletines-semanales-precio-del-vino/campana-2023-2024/472023boletinpreciosdelvinodel20al26denoviembre.pdf,2025-12-10T09:45:49.112313
2023/2024,48,44.6,40.75,https://www.mapa.gob.es/dam/mapa/contenido/agricultura/temas/producciones-agricolas/vitivinicultura/boletines-semanales-precio-del-vino/campana-2023-2024/482023boletinpreciosdelvinodel27denoviembreal3dediciembre.pdf,2025-12-10T09:45:47.471308
2023/2024,49,45.18,41.25,https://www.mapa.gob.es/dam/mapa/contenido/agricultura/temas/producciones-agricolas/vitivinicultura/boletines-semanales-precio-del-vino/campana-2023-2024/492023boletinpreciosdelvinodel4al10dediciembre.pdf,2025-12-10T09:45:45.982375
2023/2024,50,46.02,41.39,https://www.mapa.gob.es/dam/mapa/contenido/agricultura/temas/producciones-agricolas/vitivinicultura/boletines-semanales-precio-del-vino/campana-2023-2024/502023boletinpreciosdelvinodel11al17dediciembre.pdf,2025-12-10T09:45:44.558122
2023/2024,51,47.43,41.74,https://www.mapa.gob.es/dam/mapa/contenido/agricultura/temas/producciones-agricolas/vitivinicultura/boletines-semanales-precio-del-vino/campana-2023-2024/512023boletinpreciosdelvinodel18al24dediciembre.pdf,2025-12-10T09:45:43.109302
2023/2024,52,48.03,41.39,https://www.mapa.gob.es/dam/mapa/contenido/agricultura/temas/producciones-agricolas/vitivinicultura/boletines-semanales-precio-del-vino/campana-2023-2024/522023boletinpreciosdelvinodel25al31dediciembre.pdf,2025-12-10T09:45:41.631050
2024/2025,1,46.97,43.61,https://www.mapa.gob.es/dam/mapa/contenido/agricultura/temas/producciones-agricolas/vitivinicultura/boletines-semanales-precio-del-vino/campana-2024-2025/12025boletinpreciosdelvinode30diciembre2024al5deenero2025.pdf,2025-12-10T09:46:58.988923
2024/2025,2,47.82,45.1,https://www.mapa.gob.es/dam/mapa/contenido/agricultura/temas/producciones-agricolas/vitivinicultura/boletines-semanales-precio-del-vino/campana-2024-2025/22025boletinpreciosdelvinodel6al12deenero2025.pdf,2025-12-10T09:46:57.605671
2024/2025,3,49.67,45.91,https://www.mapa.gob.es/dam/mapa/contenido/agricultura/temas/producciones-agricolas/vitivinicultura/boletines-semanales-precio-del-vino/campana-2024-2025/32025boletinpreciosdelvinodel13al19deenero2025.pdf,2025-12-10T09:46:56.248006
2024/2025,4,49.0,45.43,https://www.mapa.gob.es/dam/mapa/contenido/agricultura/temas/producciones-agricolas/vitivinicultura/boletines-semanales-precio-del-vino/campana-2024-2025/42025boletinpreciosdelvinodel20al26deenero2025.pdf,2025-12-10T09:46:54.930602
2024/2025,5,48.48,45.03,https://www.mapa.gob.es/dam/mapa/contenido/agricultura/temas/producciones-agricolas/vitivinicultura/boletines-semanales-precio-del-vino/campana-2024-2025/52025boletinpreciosdelvinodel27eneroal02defebrero2025.pdf,2025-12-10T09:46:53.614794
2024/2025,6,49.6,45.31,https://www.mapa.gob.es/dam/mapa/contenido/agricultura/temas/producciones-agricolas/vitivinicultura/boletines-semanales-precio-del-vino/campana-2024-2025/62025boletinpreciosdelvinodel3febreroal9defebrero2025.pdf,2025-12-10T09:46:52.254739
2024/2025,7,49.49,43.87,https://www.mapa.gob.es/dam/mapa/contenido/agricultura/temas/producciones-agricolas/vitivinicultura/boletines-semanales-precio-del-vino/campana-2024-2025/72025boletinpreciosdelvinodel10al16defebrero2025.pdf,2025-12-10T09:46:50.931265
2024/2025,8,49.91,43.25,https://www.mapa.gob.es/dam/mapa/contenido/agricultura/temas/producciones-agricolas/vitivinicultura/boletines-semanales-precio-del-vino/campana-2024-2025/82025boletinpreciosdelvinodel17al23defebrero2025.pdf,2025-12-10T09:46:49.533896
2024/2025,9,50.32,44.44,https://www.mapa.gob.es/dam/mapa/contenido/agricultura/temas/producciones-agricolas/vitivinicultura/boletines-semanales-precio-del-vino/campana-2024-2025/92025boletinpreciosdelvinodel24defebreroal2demarzo2025.pdf,2025-12-10T09:46:48.106416
2024/2025,10,49.21,43.75,https://www.mapa.gob.es/dam/mapa/contenido/agricultura/temas/producciones-agricolas/vitivinicultura/boletines-semanales-precio-del-vino/campana-2024-2025/102025boletinpreciosdelvinodel3demarzoal9demarzo2025.pdf,2025-12-10T09:46:46.611532
2024/2025,11,49.01,42.45,https://www.mapa.gob.es/dam/mapa/contenido/agricultura/temas/producciones-agricolas/vitivinicultura/boletines-semanales-precio-del-vino/campana-2024-2025/112025boletinpreciosdelvinodel10demarzoal16demarzo2025.pdf,2025-12-10T09:46:45.201484
2024/2025,12,48.56,43.82,https://www.mapa.gob.es/dam/mapa/contenido/agricultura/temas/producciones-agricolas/vitivinicultura/boletines-semanales-precio-del-vino/campana-2024-2025/122025boletinpreciosdelvinodel17demarzoal23demarzo2025.pdf,2025-12-10T09:46:43.729677
2024/2025,13,49.78,44.17,https://www.mapa.gob.es/dam/mapa/contenido/agricultura/temas/producciones-agricolas/vitivinicultura/boletines-semanales-precio-del-vino/campana-2024-2025/132025boletinpreciosdelvinodel24demarzoal30demarzo2025.pdf,2025-12-10T09:46:42.274865
2024/2025,14,50.61,45.55,https://www.mapa.gob.es/dam/mapa/contenido/agricultura/temas/producciones-agricolas/vitivinicultura/boletines-semanales-precio-del-vino/campana-2024-2025/142025boletinpreciosdelvinodel31demarzoal6deabril2025.pdf,2025-12-10T09:46:40.855505
2024/2025,15,50.45,47.18,https://www.mapa.gob.es/dam/mapa/contenido/agricultura/temas/producciones-agricolas/vitivinicultura/boletines-semanales-precio-del-vino/campana-2024-2025/152025boletinpreciosdelvinodel7deabrilal13deabril2025.pdf,2025-12-10T09:46:39.388994
2024/2025,16,50.61,46.88,https://www.mapa.gob.es/dam/mapa/contenido/agricultura/temas/producciones-agricolas/vitivinicultura/boletines-semanales-precio-del-vino/campana-2024-2025/162025boletinpreciosdelvinodel14deabrilal20deabril2025.pdf,2025-12-10T09:46:37.945451
2024/2025,17,49.61,47.02,https://www.mapa.gob.es/dam/mapa/contenido/agricultura/temas/producciones-agricolas/vitivinicultura/boletines-semanales-precio-del-vino/campana-2024-2025/172025boletinpreciosdelvinodel21deabrilal27deabril2025.pdf,2025-12-10T09:46:36.488001
2024/2025,18,49.7,48.01,https://www.mapa.gob.es/dam/mapa/contenido/agricultura/temas/producciones-agricolas/vitivinicultura/boletines-semanales-precio-del-vino/campana-2024-2025/182025boletinpreciosdelvinodel28deabrilal4demayo2025.pdf,2025-12-10T09:46:35.042185
2024/2025,19,47.95,47.3,https://www.mapa.gob.es/dam/mapa/contenido/agricultura/temas/producciones-agricolas/vitivinicultura/boletines-semanales-precio-del-vino/campana-2024-2025/192025boletinpreciosdelvinodel5demayoal11demayo2025.pdf,2025-12-10T09:46:33.640014
2024/2025,20,47.08,47.22,https://www.mapa.gob.es/dam/mapa/contenido/agricultura/temas/producciones-agricolas/vitivinicultura/boletines-semanales-precio-del-vino/campana-2024-2025/202025boletinpreciosdelvinodel12demayoal18demayo2025.pdf,2025-12-10T09:46:32.186205
2024/2025,21,48.5,47.2,https://www.mapa.gob.es/dam/mapa/contenido/agricultura/temas/producciones-agricolas/vitivinicultura/boletines-semanales-precio-del-vino/campana-2024-2025/212025boletinpreciosdelvinodel19demayoal25demayo2025.pdf,2025-12-10T09:46:30.719528
2024/2025,22,47.78,45.74,https://www.mapa.gob.es/dam/mapa/contenido/agricultura/temas/producciones-agricolas/vitivinicultura/boletines-semanales-precio-del-vino/campana-2024-2025/222025boletinpreciosdelvinodel26demayoal1dejunio2025.pdf,2025-12-10T09:46:29.311023
2024/2025,23,48.86,45.97,https://www.mapa.gob.es/dam/mapa/contenido/agricultura/temas/producciones-agricolas/vitivinicultura/boletines-semanales-precio-del-vino/campana-2024-2025/23-2025-Boletin-Precios-del-Vino-del-2-de-junio-al-8-de-junio-2025.pdf,2025-12-10T09:46:27.758139
2024/2025,24,49.71,43.78,https://www.mapa.gob.es/dam/mapa/contenido/agricultura/temas/producciones-agricolas/vitivinicultura/boletines-semanales-precio-del-vino/campana-2024-2025/24-2025-boletin-precios-del-vino-del-9-de-junio-al-15-de-junio-2025.pdf,2025-12-10T09:46:26.342614
2024/2025,25,48.63,44.52,https://www.mapa.gob.es/dam/mapa/contenido/agricultura/temas/producciones-agricolas/vitivinicultura/boletines-semanales-precio-del-vino/campana-2024-2025/25-2025-boletin-precios-del-vino-del-16-de-junio-al-22-de-junio-2025.pdf,2025-12-10T09:46:24.924351
2024/2025,26,48.73,46.03,https://www.mapa.gob.es/dam/mapa/contenido/agricultura/temas/producciones-agricolas/vitivinicultura/boletines-semanales-precio-del-vino/campana-2024-2025/26-2025-boletin-precios-del-vino-del-23-de-junio-al-29-de-junio-2025.pdf,2025-12-10T09:46:23.418418
2024/2025,27,48.43,48.12,https://www.mapa.gob.es/dam/mapa/contenido/agricultura/temas/producciones-agricolas/vitivinicultura/boletines-semanales-precio-del-vino/campana-2024-2025/27-2025-boletin-precios-del-vino-del-30-de-junio-al-6-de-julio-2025.pdf,2025-12-10T09:46:22.061294
2024/2025,28,48.39,47.22,https://www.mapa.gob.es/dam/mapa/contenido/agricultura/temas/producciones-agricolas/vitivinicultura/boletines-semanales-precio-del-vino/campana-2024-2025/28-2025-boletin-precios-del-vino-del-7-de-julio-al-13-de-julio-2025.pdf,2025-12-10T09:46:20.512746
2024/2025,29,46.91,44.67,https://www.mapa.gob.es/dam/mapa/contenido/agricultura/temas/producciones-agricolas/vitivinicultura/boletines-semanales-precio-del-vino/campana-2024-2025/29-2025-boletin-precios-del-vino-del-14-de-julio-al-20-de-julio-2025.pdf,2025-12-10T09:46:19.032589
2024/2025,30,48.52,45.08,https://www.mapa.gob.es/dam/mapa/contenido/agricultura/temas/producciones-agricolas/vitivinicultura/boletines-semanales-precio-del-vino/campana-2024-2025/30-2025-boletin-precios-del-vino-del-21-de-julio-al-27-de-julio-2025.pdf,2025-12-10T09:46:17.469326
2024/2025,31,46.24,45.15,https://www.mapa.gob.es/dam/mapa/contenido/agricultura/temas/producciones-agricolas/vitivinicultura/boletines-semanales-precio-del-vino/campana-2024-2025/312024boletinpreciosdelvinodel29dejulioal4deagosto.pdf,2025-12-10T09:47:30.373278
2024/2025,32,47.49,43.97,https://www.mapa.gob.es/dam/mapa/contenido/agricultura/temas/producciones-agricolas/vitivinicultura/boletines-semanales-precio-del-vino/campana-2024-2025/322024boletinpreciosdelvinodel5al11deagosto.pdf,2025-12-10T09:47:29.010793
2024/2025,33,49.66,43.4,https://www.mapa.gob.es/dam/mapa/contenido/agricultura/temas/producciones-agricolas/vitivinicultura/boletines-semanales-precio-del-vino/campana-2024-2025/332024boletinpreciosdelvinodel12al18deagosto.pdf,2025-12-10T09:47:27.595226
2024/2025,34,49.52,44.89,https://www.mapa.gob.es/dam/mapa/contenido/agricultura/temas/producciones-agricolas/vitivinicultura/boletines-semanales-precio-del-vino/campana-2024-2025/342024boletinpreciosdelvinodel19al25deagosto.pdf,2025-12-10T09:47:26.046684
2024/2025,35,48.74,42.7,https://www.mapa.gob.es/dam/mapa/contenido/agricultura/temas/producciones-agricolas/vitivinicultura/boletines-semanales-precio-del-vino/campana-2024-2025/352024boletinpreciosdelvinodel26deagostoal1deseptiembre.pdf,2025-12-10T09:47:24.691694
2024/2025,36,48.24,42.71,https://www.mapa.gob.es/dam/mapa/contenido/agricultura/temas/producciones-agricolas/vitivinicultura/boletines-semanales-precio-del-vino/campana-2024-2025/362024boletinpreciosdelvinodel2al8deseptiembre.pdf,2025-12-10T09:47:23.332509
2024/2025,37,56.63,42.69,https://www.mapa.gob.es/dam/mapa/contenido/agricultura/temas/producciones-agricolas/vitivinicultura/boletines-semanales-precio-del-vino/campana-2024-2025/372024boletinpreciosdelvinodel9al15deseptiembre.pdf,2025-12-10T09:47:21.930197
2024/2025,38,48.83,43.1,https://www.mapa.gob.es/dam/mapa/contenido/agricultura/temas/producciones-agricolas/vitivinicultura/boletines-semanales-precio-del-vino/campana-2024-2025/382024boletinpreciosdelvinodel16al22deseptiembre.pdf,2025-12-10T09:47:20.425242
2024/2025,39,47.88,44.34,https://www.mapa.gob.es/dam/mapa/contenido/agricultura/temas/producciones-agricolas/vitivinicultura/boletines-semanales-precio-del-vino/campana-2024-2025/392024boletinpreciosdelvinodel23al29deseptiembre.pdf,2025-12-10T09:47:18.939070
2024/2025,40,46.31,43.87,https://www.mapa.gob.es/dam/mapa/contenido/agricultura/temas/producciones-agricolas/vitivinicultura/boletines-semanales-precio-del-vino/campana-2024-2025/402024boletinpreciosdelvinodel30deseptiembreal6deoctubre.pdf,2025-12-10T09:47:17.457770
2024/2025,41,46.49,44.3,https://www.mapa.gob.es/dam/mapa/contenido/agricultura/temas/producciones-agricolas/vitivinicultura/boletines-semanales-precio-del-vino/campana-2024-2025/412024boletinpreciosdelvinodel7al13deoctubre.pdf,2025-12-10T09:47:15.952619
2024/2025,42,48.3,45.02,https://www.mapa.gob.es/dam/mapa/contenido/agricultura/temas/producciones-agricolas/vitivinicultura/boletines-semanales-precio-del-vino/campana-2024-2025/422024boletinpreciosdelvinodel14al20deoctubre.pdf,2025-12-10T09:47:14.438887
2024/2025,43,47.36,44.34,https://www.mapa.gob.es/dam/mapa/contenido/agricultura/temas/producciones-agricolas/vitivinicultura/boletines-semanales-precio-del-vino/campana-2024-2025/432024boletinpreciosdelvinodel21al27deoctubre.pdf,2025-12-10T09:47:12.917647
2024/2025,44,47.17,44.68,https://www.mapa.gob.es/dam/mapa/contenido/agricultura/temas/producciones-agricolas/vitivinicultura/boletines-semanales-precio-del-vino/campana-2024-2025/442024boletinpreciosdelvinodel28deoctubreal3denoviembre.pdf,2025-12-10T09:47:11.499278
2024/2025,45,46.81,45.31,https://www.mapa.gob.es/dam/mapa/contenido/agricultura/temas/producciones-agricolas/vitivinicultura/boletines-semanales-precio-del-vino/campana-2024-2025/452024boletinpreciosdelvinodel4al10denoviembre.pdf,2025-12-10T09:47:10.023884
2024/2025,46,47.57,44.69,https://www.mapa.gob.es/dam/mapa/contenido/agricultura/temas/producciones-agricolas/vitivinicultura/boletines-semanales-precio-del-vino/campana-2024-2025/462024boletinpreciosdelvinodel11al17denoviembre.pdf,2025-12-10T09:47:08.647436
2024/2025,47,46.71,43.63,https://www.mapa.gob.es/dam/mapa/contenido/agricultura/temas/producciones-agricolas/vitivinicultura/boletines-semanales-precio-del-vino/campana-2024-2025/472024boletinpreciosdelvinodel18al24denoviembre.pdf,2025-12-10T09:47:07.175524
2024/2025,48,48.49,44.25,https://www.mapa.gob.es/dam/mapa/contenido/agricultura/temas/producciones-agricolas/vitivinicultura/boletines-semanales-precio-del-vino/campana-2024-2025/482024boletinpreciosdelvinodel25denoviembreal1dediciembre.pdf,2025-12-10T09:47:05.835095
2024/2025,49,49.88,43.12,https://www.mapa.gob.es/dam/mapa/contenido/agricultura/temas/producciones-agricolas/vitivinicultura/boletines-semanales-precio-del-vino/campana-2024-2025/492024boletinpreciosdelvinodel2al8dediciembre.pdf,2025-12-10T09:47:04.462451
2024/2025,50,49.29,43.38,https://www.mapa.gob.es/dam/mapa/contenido/agricultura/temas/producciones-agricolas/vitivinicultura/boletines-semanales-precio-del-vino/campana-2024-2025/502024boletinpreciosdelvinode9al15dediciembre.pdf,2025-12-10T09:47:03.089626
2024/2025,51,48.66,43.97,https://www.mapa.gob.es/dam/mapa/contenido/agricultura/temas/producciones-agricolas/vitivinicultura/boletines-semanales-precio-del-vino/campana-2024-2025/512024boletinpreciosdelvinodel16al22dediciembre.pdf,2025-12-10T09:47:01.693237
2024/2025,52,49.37,44.61,https://www.mapa.gob.es/dam/mapa/contenido/agricultura/temas/producciones-agricolas/vitivinicultura/boletines-semanales-precio-del-vino/campana-2024-2025/522024boletinpreciosdelvinode23al29dediciembre.pdf,2025-12-10T09:47:00.361380
2025/2026,31,50.44,45.97,https://www.mapa.gob.es/dam/mapa/contenido/agricultura/temas/producciones-agricolas/vitivinicultura/boletines-semanales-precio-del-vino/campana-2025-2026/31-2025-boletin-precios-del-vino-del-27-de-julio-al-3-de-agosto-2025.pdf,2025-12-10T09:48:04.608152
2025/2026,32,51.17,43.91,https://www.mapa.gob.es/dam/mapa/contenido/agricultura/temas/producciones-agricolas/vitivinicultura/boletines-semanales-precio-del-vino/campana-2025-2026/32-2025-boletin-precios-del-vino-del-4-de-agosto-al-10-de-agosto-2025.pdf,2025-12-10T09:48:01.813199
2025/2026,33,52.98,43.57,https://www.mapa.gob.es/dam/mapa/contenido/agricultura/temas/producciones-agricolas/vitivinicultura/boletines-semanales-precio-del-vino/campana-2025-2026/33-2025-boletin-precios-del-vino-del-11-de-agosto-al-17-de-agosto-2025.pdf,2025-12-10T09:48:00.005438
2025/2026,34,50.74,45.63,https://www.mapa.gob.es/dam/mapa/contenido/agricultura/temas/producciones-agricolas/vitivinicultura/boletines-semanales-precio-del-vino/campana-2025-2026/34-2025-boletin-precios-del-vino-del-18-al-24-de-agosto-2025.pdf,2025-12-10T09:47:58.494765
2025/2026,35,50.58,47.24,https://www.mapa.gob.es/dam/mapa/contenido/agricultura/temas/producciones-agricolas/vitivinicultura/boletines-semanales-precio-del-vino/campana-2025-2026/35-2025-boletin-precios-del-vino-del-25-al-31-de-agosto-2025.pdf,2025-12-10T09:47:57.003317
2025/2026,36,49.7,45.35,https://www.mapa.gob.es/dam/mapa/contenido/agricultura/temas/producciones-agricolas/vitivinicultura/boletines-semanales-precio-del-vino/campana-2025-2026/36-2025-boletin-precios-del-vino-del-1-al-7-de-septiembre-2025.pdf,2025-12-10T09:47:55.552692
2025/2026,37,48.09,44.44,https://www.mapa.gob.es/dam/mapa/contenido/agricultura/temas/producciones-agricolas/vitivinicultura/boletines-semanales-precio-del-vino/campana-2025-2026/37-2025-boletin-precios-del-vino-del-8-al-14-de-septiembre-2025.pdf,2025-12-10T09:47:53.916061
2025/2026,38,49.3,44.78,https://www.mapa.gob.es/dam/mapa/contenido/agricultura/temas/producciones-agricolas/vitivinicultura/boletines-semanales-precio-del-vino/campana-2025-2026/38-2025-boletin-precios-del-vino-del-15-al-21-de-septiembre-2025.pdf,2025-12-10T09:47:52.247314
2025/2026,39,50.9,46.7,https://www.mapa.gob.es/dam/mapa/contenido/agricultura/temas/producciones-agricolas/vitivinicultura/boletines-semanales-precio-del-vino/campana-2025-2026/39-2025-boletin-precios-del-vino-del-22-al-28-de-septiembre-2025.pdf,2025-12-10T09:47:50.629622
2025/2026,40,48.43,44.75,https://www.mapa.gob.es/dam/mapa/contenido/agricultura/temas/producciones-agricolas/vitivinicultura/boletines-semanales-precio-del-vino/campana-2025-2026/40-2025-boletin-precios-del-vino-del-29-de-septiembre-al-5-de-octubre-2025.pdf,2025-12-10T09:47:49.069611
2025/2026,41,49.31,46.2,https://www.mapa.gob.es/dam/mapa/contenido/agricultura/temas/producciones-agricolas/vitivinicultura/boletines-semanales-precio-del-vino/campana-2025-2026/41-2025-boletin-precios-del-vino-del-6-de-octubre-al-12-de-octubre-2025.pdf,2025-12-10T09:47:47.428122
2025/2026,42,49.92,45.18,https://www.mapa.gob.es/dam/mapa/contenido/agricultura/temas/producciones-agricolas/vitivinicultura/boletines-semanales-precio-del-vino/campana-2025-2026/42-2025-boletin-precios-del-vino-del-13-de-octubre-al-19-de-octubre-2025.pdf,2025-12-10T09:47:45.659267
2025/2026,43,50.47,46.59,https://www.mapa.gob.es/dam/mapa/contenido/agricultura/temas/producciones-agricolas/vitivinicultura/boletines-semanales-precio-del-vino/campana-2025-2026/43-2025-boletin-precios-del-vino-del-20-de-octubre-al-26-de-octubre-2025.pdf,2025-12-10T09:47:44.080484
2025/2026,44,49.21,47.88,https://www.mapa.gob.es/dam/mapa/contenido/agricultura/temas/producciones-agricolas/vitivinicultura/boletines-semanales-precio-del-vino/campana-2025-2026/44-2025-boletin-precios-del-vino-del-26-de-octubre-al-2-de-noviembre-2025.pdf,2025-12-10T09:47:42.447240
2025/2026,45,48.46,48.3,https://www.mapa.gob.es/dam/mapa/contenido/agricultura/temas/producciones-agricolas/vitivinicultura/boletines-semanales-precio-del-vino/campana-2025-2026/45-2025-boletin-precios-del-vino-del-3-al-9-de-noviembre-2025.pdf,2025-12-10T09:47:40.820470
2025/2026,46,50.71,48.67,https://www.mapa.gob.es/dam/mapa/contenido/agricultura/temas/producciones-agricolas/vitivinicultura/boletines-semanales-precio-del-vino/campana-2025-2026/46-2025-boletin-precios-del-vino-del-10-al-16-de-noviembre-2025.pdf,2025-12-10T09:47:39.279629
2025/2026,47,50.48,48.12,https://www.mapa.gob.es/dam/mapa/contenido/agricultura/temas/producciones-agricolas/vitivinicultura/boletines-semanales-precio-del-vino/campana-2025-2026/47-2025-boletin-precios-del-vino-del-17-al-23-de-noviembre-2025.pdf,2025-12-10T09:47:37.602208
2025/2026,48,51.3,48.14,https://www.mapa.gob.es/dam/mapa/contenido/agricultura/temas/producciones-agricolas/vitivinicultura/boletines-semanales-precio-del-vino/campana-2025-2026/48-2025-boletin-precios-del-vino-del-24-al-30-de-noviembre-2025.pdf,2025-12-10T09:47:35.987090
